,precision,recall,f1-score,support
Acura ZDX Hatchback 2012,0.8611111111111112,0.7948717948717948,0.8266666666666667,39.0
Aston Martin V8 Vantage Convertible 2012,0.7222222222222222,0.5777777777777777,0.6419753086419753,45.0
Aston Martin V8 Vantage Coupe 2012,0.6818181818181818,0.7317073170731707,0.7058823529411765,41.0
Audi S4 Sedan 2012,0.68,0.4358974358974359,0.53125,39.0
Audi S4 Sedan 2007,0.74,0.8222222222222222,0.7789473684210526,45.0
BMW 1 Series Convertible 2012,0.8421052631578947,0.9142857142857143,0.8767123287671232,35.0
BMW 3 Series Sedan 2012,0.8048780487804879,0.7857142857142857,0.7951807228915663,42.0
BMW M6 Convertible 2010,0.8292682926829268,0.8292682926829268,0.8292682926829268,41.0
Chevrolet Corvette ZR1 2012,0.9777777777777777,0.9565217391304348,0.967032967032967,46.0
Chevrolet Traverse SUV 2012,0.8478260869565217,0.8863636363636364,0.8666666666666667,44.0
Chevrolet HHR SS 2010,1.0,0.9722222222222222,0.9859154929577465,36.0
Chevrolet Sonic Sedan 2012,0.9130434782608695,0.9545454545454546,0.9333333333333333,44.0
Chevrolet Express Van 2007,0.918918918918919,0.9714285714285714,0.9444444444444444,35.0
Ford Expedition EL SUV 2009,0.9318181818181818,0.9318181818181818,0.9318181818181818,44.0
Hyundai Azera Sedan 2012,0.8181818181818182,0.8571428571428571,0.8372093023255814,42.0
Lamborghini Gallardo LP 570-4 Superleggera 2012,1.0,0.9714285714285714,0.9855072463768116,35.0
Mercedes-Benz E-Class Sedan 2012,0.6612903225806451,0.9534883720930233,0.780952380952381,43.0
Ram C/V Cargo Van Minivan 2012,1.0,0.8780487804878049,0.935064935064935,41.0
Toyota 4Runner SUV 2012,0.975,0.975,0.975,40.0
Volkswagen Golf Hatchback 2012,0.9,0.8372093023255814,0.8674698795180723,43.0
accuracy,0.85,0.85,0.85,0.85
macro avg,0.8552629852133778,0.8518481264755835,0.8498148935751806,820.0
weighted avg,0.8527484903552376,0.85,0.8475992225012501,820.0
